SiteName,latitude,longitude,sample_duration,date_local,units_of_measure,arithmetic_mean,aqi,local_site_name,site_address
0048,39.991389,-75.080833,24-HR BLK AVG,1/1/2024,Micrograms/cubic meter (25 C),24,22,North East Waste (NEW),"3000 LEWIS ST. (NEAR BATH ST.) Philadelphia, PA. 19137"
0048,39.991389,-75.080833,24-HR BLK AVG,1/2/2024,Micrograms/cubic meter (25 C),11,10,North East Waste (NEW),"3000 LEWIS ST. (NEAR BATH ST.) Philadelphia, PA. 19137"
0048,39.991389,-75.080833,24-HR BLK AVG,1/3/2024,Micrograms/cubic meter (25 C),21,19,North East Waste (NEW),"3000 LEWIS ST. (NEAR BATH ST.) Philadelphia, PA. 19137"
0048,39.991389,-75.080833,24-HR BLK AVG,1/4/2024,Micrograms/cubic meter (25 C),24,22,North East Waste (NEW),"3000 LEWIS ST. (NEAR BATH ST.) Philadelphia, PA. 19137"
0048,39.991389,-75.080833,24-HR BLK AVG,1/5/2024,Micrograms/cubic meter (25 C),15,14,North East Waste (NEW),"3000 LEWIS ST. (NEAR BATH ST.) Philadelphia, PA. 19137"
0048,39.991389,-75.080833,24-HR BLK AVG,1/6/2024,Micrograms/cubic meter (25 C),22,20,North East Waste (NEW),"3000 LEWIS ST. (NEAR BATH ST.) Philadelphia, PA. 19137"
0048,39.991389,-75.080833,24-HR BLK AVG,1/7/2024,Micrograms/cubic meter (25 C),8,7,North East Waste (NEW),"3000 LEWIS ST. (NEAR BATH ST.) Philadelphia, PA. 19137"
0048,39.991389,-75.080833,24-HR BLK AVG,1/8/2024,Micrograms/cubic meter (25 C),13,12,North East Waste (NEW),"3000 LEWIS ST. (NEAR BATH ST.) Philadelphia, PA. 19137"
0048,39.991389,-75.080833,24-HR BLK AVG,1/9/2024,Micrograms/cubic meter (25 C),13,12,North East Waste (NEW),"3000 LEWIS ST. (NEAR BATH ST.) Philadelphia, PA. 19137"
0048,39.991389,-75.080833,24-HR BLK AVG,1/10/2024,Micrograms/cubic meter (25 C),6,6,North East Waste (NEW),"3000 LEWIS ST. (NEAR BATH ST.) Philadelphia, PA. 19137"
0048,39.991389,-75.080833,24-HR BLK AVG,1/11/2024,Micrograms/cubic meter (25 C),10,9,North East Waste (NEW),"3000 LEWIS ST. (NEAR BATH ST.) Philadelphia, PA. 19137"
0048,39.991389,-75.080833,24-HR BLK AVG,1/12/2024,Micrograms/cubic meter (25 C),17,16,North East Waste (NEW),"3000 LEWIS ST. (NEAR BATH ST.) Philadelphia, PA. 19137"
0048,39.991389,-75.080833,24-HR BLK AVG,1/13/2024,Micrograms/cubic meter (25 C),6,6,North East Waste (NEW),"3000 LEWIS ST. (NEAR BATH ST.) Philadelphia, PA. 19137"
0048,39.991389,-75.080833,24-HR BLK AVG,1/14/2024,Micrograms/cubic meter (25 C),8,7,North East Waste (NEW),"3000 LEWIS ST. (NEAR BATH ST.) Philadelphia, PA. 19137"
0048,39.991389,-75.080833,24-HR BLK AVG,1/15/2024,Micrograms/cubic meter (25 C),12,11,North East Waste (NEW),"3000 LEWIS ST. (NEAR BATH ST.) Philadelphia, PA. 19137"
0048,39.991389,-75.080833,24-HR BLK AVG,1/16/2024,Micrograms/cubic meter (25 C),17,16,North East Waste (NEW),"3000 LEWIS ST. (NEAR BATH ST.) Philadelphia, PA. 19137"
0048,39.991389,-75.080833,24-HR BLK AVG,1/17/2024,Micrograms/cubic meter (25 C),22,20,North East Waste (NEW),"3000 LEWIS ST. (NEAR BATH ST.) Philadelphia, PA. 19137"
0048,39.991389,-75.080833,24-HR BLK AVG,1/18/2024,Micrograms/cubic meter (25 C),27,25,North East Waste (NEW),"3000 LEWIS ST. (NEAR BATH ST.) Philadelphia, PA. 19137"
0048,39.991389,-75.080833,24-HR BLK AVG,1/19/2024,Micrograms/cubic meter (25 C),26,24,North East Waste (NEW),"3000 LEWIS ST. (NEAR BATH ST.) Philadelphia, PA. 19137"
0048,39.991389,-75.080833,24-HR BLK AVG,1/20/2024,Micrograms/cubic meter (25 C),13,12,North East Waste (NEW),"3000 LEWIS ST. (NEAR BATH ST.) Philadelphia, PA. 19137"
0048,39.991389,-75.080833,24-HR BLK AVG,1/21/2024,Micrograms/cubic meter (25 C),16,15,North East Waste (NEW),"3000 LEWIS ST. (NEAR BATH ST.) Philadelphia, PA. 19137"
0048,39.991389,-75.080833,24-HR BLK AVG,1/22/2024,Micrograms/cubic meter (25 C),22,20,North East Waste (NEW),"3000 LEWIS ST. (NEAR BATH ST.) Philadelphia, PA. 19137"
0048,39.991389,-75.080833,24-HR BLK AVG,1/23/2024,Micrograms/cubic meter (25 C),39,36,North East Waste (NEW),"3000 LEWIS ST. (NEAR BATH ST.) Philadelphia, PA. 19137"
0048,39.991389,-75.080833,24-HR BLK AVG,1/24/2024,Micrograms/cubic meter (25 C),28,26,North East Waste (NEW),"3000 LEWIS ST. (NEAR BATH ST.) Philadelphia, PA. 19137"
0048,39.991389,-75.080833,24-HR BLK AVG,1/25/2024,Micrograms/cubic meter (25 C),20,19,North East Waste (NEW),"3000 LEWIS ST. (NEAR BATH ST.) Philadelphia, PA. 19137"
0048,39.991389,-75.080833,24-HR BLK AVG,1/26/2024,Micrograms/cubic meter (25 C),9,8,North East Waste (NEW),"3000 LEWIS ST. (NEAR BATH ST.) Philadelphia, PA. 19137"
0048,39.991389,-75.080833,24-HR BLK AVG,1/27/2024,Micrograms/cubic meter (25 C),9,8,North East Waste (NEW),"3000 LEWIS ST. (NEAR BATH ST.) Philadelphia, PA. 19137"
0048,39.991389,-75.080833,24-HR BLK AVG,1/28/2024,Micrograms/cubic meter (25 C),4,4,North East Waste (NEW),"3000 LEWIS ST. (NEAR BATH ST.) Philadelphia, PA. 19137"
0048,39.991389,-75.080833,24-HR BLK AVG,1/29/2024,Micrograms/cubic meter (25 C),6,6,North East Waste (NEW),"3000 LEWIS ST. (NEAR BATH ST.) Philadelphia, PA. 19137"
0048,39.991389,-75.080833,24-HR BLK AVG,1/30/2024,Micrograms/cubic meter (25 C),9,8,North East Waste (NEW),"3000 LEWIS ST. (NEAR BATH ST.) Philadelphia, PA. 19137"
0048,39.991389,-75.080833,24-HR BLK AVG,1/31/2024,Micrograms/cubic meter (25 C),15,14,North East Waste (NEW),"3000 LEWIS ST. (NEAR BATH ST.) Philadelphia, PA. 19137"
0048,39.991389,-75.080833,24-HR BLK AVG,2/1/2024,Micrograms/cubic meter (25 C),25,23,North East Waste (NEW),"3000 LEWIS ST. (NEAR BATH ST.) Philadelphia, PA. 19137"
0048,39.991389,-75.080833,24-HR BLK AVG,2/2/2024,Micrograms/cubic meter (25 C),16,15,North East Waste (NEW),"3000 LEWIS ST. (NEAR BATH ST.) Philadelphia, PA. 19137"
0048,39.991389,-75.080833,24-HR BLK AVG,2/3/2024,Micrograms/cubic meter (25 C),8,7,North East Waste (NEW),"3000 LEWIS ST. (NEAR BATH ST.) Philadelphia, PA. 19137"
0048,39.991389,-75.080833,24-HR BLK AVG,2/4/2024,Micrograms/cubic meter (25 C),11,10,North East Waste (NEW),"3000 LEWIS ST. (NEAR BATH ST.) Philadelphia, PA. 19137"
0048,39.991389,-75.080833,24-HR BLK AVG,2/5/2024,Micrograms/cubic meter (25 C),16,15,North East Waste (NEW),"3000 LEWIS ST. (NEAR BATH ST.) Philadelphia, PA. 19137"
0048,39.991389,-75.080833,24-HR BLK AVG,2/6/2024,Micrograms/cubic meter (25 C),15,14,North East Waste (NEW),"3000 LEWIS ST. (NEAR BATH ST.) Philadelphia, PA. 19137"
0048,39.991389,-75.080833,24-HR BLK AVG,2/7/2024,Micrograms/cubic meter (25 C),19,18,North East Waste (NEW),"3000 LEWIS ST. (NEAR BATH ST.) Philadelphia, PA. 19137"
0048,39.991389,-75.080833,24-HR BLK AVG,2/8/2024,Micrograms/cubic meter (25 C),29,27,North East Waste (NEW),"3000 LEWIS ST. (NEAR BATH ST.) Philadelphia, PA. 19137"
0048,39.991389,-75.080833,24-HR BLK AVG,2/9/2024,Micrograms/cubic meter (25 C),28,26,North East Waste (NEW),"3000 LEWIS ST. (NEAR BATH ST.) Philadelphia, PA. 19137"
0048,39.991389,-75.080833,24-HR BLK AVG,2/10/2024,Micrograms/cubic meter (25 C),42,39,North East Waste (NEW),"3000 LEWIS ST. (NEAR BATH ST.) Philadelphia, PA. 19137"
0048,39.991389,-75.080833,24-HR BLK AVG,2/11/2024,Micrograms/cubic meter (25 C),23,21,North East Waste (NEW),"3000 LEWIS ST. (NEAR BATH ST.) Philadelphia, PA. 19137"
0048,39.991389,-75.080833,24-HR BLK AVG,2/12/2024,Micrograms/cubic meter (25 C),22,20,North East Waste (NEW),"3000 LEWIS ST. (NEAR BATH ST.) Philadelphia, PA. 19137"
0048,39.991389,-75.080833,24-HR BLK AVG,2/13/2024,Micrograms/cubic meter (25 C),11,10,North East Waste (NEW),"3000 LEWIS ST. (NEAR BATH ST.) Philadelphia, PA. 19137"
0048,39.991389,-75.080833,24-HR BLK AVG,2/14/2024,Micrograms/cubic meter (25 C),14,13,North East Waste (NEW),"3000 LEWIS ST. (NEAR BATH ST.) Philadelphia, PA. 19137"
0048,39.991389,-75.080833,24-HR BLK AVG,2/15/2024,Micrograms/cubic meter (25 C),15,14,North East Waste (NEW),"3000 LEWIS ST. (NEAR BATH ST.) Philadelphia, PA. 19137"
0048,39.991389,-75.080833,24-HR BLK AVG,2/16/2024,Micrograms/cubic meter (25 C),15,14,North East Waste (NEW),"3000 LEWIS ST. (NEAR BATH ST.) Philadelphia, PA. 19137"
0048,39.991389,-75.080833,24-HR BLK AVG,2/17/2024,Micrograms/cubic meter (25 C),10,9,North East Waste (NEW),"3000 LEWIS ST. (NEAR BATH ST.) Philadelphia, PA. 19137"
0048,39.991389,-75.080833,24-HR BLK AVG,2/18/2024,Micrograms/cubic meter (25 C),12,11,North East Waste (NEW),"3000 LEWIS ST. (NEAR BATH ST.) Philadelphia, PA. 19137"
0048,39.991389,-75.080833,24-HR BLK AVG,2/19/2024,Micrograms/cubic meter (25 C),17,16,North East Waste (NEW),"3000 LEWIS ST. (NEAR BATH ST.) Philadelphia, PA. 19137"
0048,39.991389,-75.080833,24-HR BLK AVG,2/20/2024,Micrograms/cubic meter (25 C),16,15,North East Waste (NEW),"3000 LEWIS ST. (NEAR BATH ST.) Philadelphia, PA. 19137"
0048,39.991389,-75.080833,24-HR BLK AVG,2/21/2024,Micrograms/cubic meter (25 C),18,17,North East Waste (NEW),"3000 LEWIS ST. (NEAR BATH ST.) Philadelphia, PA. 19137"
0048,39.991389,-75.080833,24-HR BLK AVG,2/22/2024,Micrograms/cubic meter (25 C),18,17,North East Waste (NEW),"3000 LEWIS ST. (NEAR BATH ST.) Philadelphia, PA. 19137"
0048,39.991389,-75.080833,24-HR BLK AVG,2/23/2024,Micrograms/cubic meter (25 C),22,20,North East Waste (NEW),"3000 LEWIS ST. (NEAR BATH ST.) Philadelphia, PA. 19137"
0048,39.991389,-75.080833,24-HR BLK AVG,2/24/2024,Micrograms/cubic meter (25 C),13,12,North East Waste (NEW),"3000 LEWIS ST. (NEAR BATH ST.) Philadelphia, PA. 19137"
0048,39.991389,-75.080833,24-HR BLK AVG,2/25/2024,Micrograms/cubic meter (25 C),8,7,North East Waste (NEW),"3000 LEWIS ST. (NEAR BATH ST.) Philadelphia, PA. 19137"
0048,39.991389,-75.080833,24-HR BLK AVG,2/26/2024,Micrograms/cubic meter (25 C),25,23,North East Waste (NEW),"3000 LEWIS ST. (NEAR BATH ST.) Philadelphia, PA. 19137"
0048,39.991389,-75.080833,24-HR BLK AVG,2/27/2024,Micrograms/cubic meter (25 C),26,24,North East Waste (NEW),"3000 LEWIS ST. (NEAR BATH ST.) Philadelphia, PA. 19137"
0048,39.991389,-75.080833,24-HR BLK AVG,2/28/2024,Micrograms/cubic meter (25 C),16,15,North East Waste (NEW),"3000 LEWIS ST. (NEAR BATH ST.) Philadelphia, PA. 19137"
0048,39.991389,-75.080833,24-HR BLK AVG,2/29/2024,Micrograms/cubic meter (25 C),11,10,North East Waste (NEW),"3000 LEWIS ST. (NEAR BATH ST.) Philadelphia, PA. 19137"
0048,39.991389,-75.080833,24-HR BLK AVG,3/1/2024,Micrograms/cubic meter (25 C),15,14,North East Waste (NEW),"3000 LEWIS ST. (NEAR BATH ST.) Philadelphia, PA. 19137"
0048,39.991389,-75.080833,24-HR BLK AVG,3/2/2024,Micrograms/cubic meter (25 C),8,7,North East Waste (NEW),"3000 LEWIS ST. (NEAR BATH ST.) Philadelphia, PA. 19137"
0048,39.991389,-75.080833,24-HR BLK AVG,3/3/2024,Micrograms/cubic meter (25 C),9,8,North East Waste (NEW),"3000 LEWIS ST. (NEAR BATH ST.) Philadelphia, PA. 19137"
0048,39.991389,-75.080833,24-HR BLK AVG,3/4/2024,Micrograms/cubic meter (25 C),12,11,North East Waste (NEW),"3000 LEWIS ST. (NEAR BATH ST.) Philadelphia, PA. 19137"
0048,39.991389,-75.080833,24-HR BLK AVG,3/5/2024,Micrograms/cubic meter (25 C),5,5,North East Waste (NEW),"3000 LEWIS ST. (NEAR BATH ST.) Philadelphia, PA. 19137"
0048,39.991389,-75.080833,24-HR BLK AVG,3/6/2024,Micrograms/cubic meter (25 C),13,12,North East Waste (NEW),"3000 LEWIS ST. (NEAR BATH ST.) Philadelphia, PA. 19137"
0048,39.991389,-75.080833,24-HR BLK AVG,3/7/2024,Micrograms/cubic meter (25 C),7,6,North East Waste (NEW),"3000 LEWIS ST. (NEAR BATH ST.) Philadelphia, PA. 19137"
0048,39.991389,-75.080833,24-HR BLK AVG,3/8/2024,Micrograms/cubic meter (25 C),8,7,North East Waste (NEW),"3000 LEWIS ST. (NEAR BATH ST.) Philadelphia, PA. 19137"
0048,39.991389,-75.080833,24-HR BLK AVG,3/9/2024,Micrograms/cubic meter (25 C),12,11,North East Waste (NEW),"3000 LEWIS ST. (NEAR BATH ST.) Philadelphia, PA. 19137"
0048,39.991389,-75.080833,24-HR BLK AVG,3/10/2024,Micrograms/cubic meter (25 C),5,5,North East Waste (NEW),"3000 LEWIS ST. (NEAR BATH ST.) Philadelphia, PA. 19137"
0048,39.991389,-75.080833,24-HR BLK AVG,3/11/2024,Micrograms/cubic meter (25 C),13,12,North East Waste (NEW),"3000 LEWIS ST. (NEAR BATH ST.) Philadelphia, PA. 19137"
0048,39.991389,-75.080833,24-HR BLK AVG,3/12/2024,Micrograms/cubic meter (25 C),18,17,North East Waste (NEW),"3000 LEWIS ST. (NEAR BATH ST.) Philadelphia, PA. 19137"
0048,39.991389,-75.080833,24-HR BLK AVG,3/13/2024,Micrograms/cubic meter (25 C),52,48,North East Waste (NEW),"3000 LEWIS ST. (NEAR BATH ST.) Philadelphia, PA. 19137"
0048,39.991389,-75.080833,24-HR BLK AVG,3/14/2024,Micrograms/cubic meter (25 C),37,34,North East Waste (NEW),"3000 LEWIS ST. (NEAR BATH ST.) Philadelphia, PA. 19137"
0048,39.991389,-75.080833,24-HR BLK AVG,3/15/2024,Micrograms/cubic meter (25 C),25,23,North East Waste (NEW),"3000 LEWIS ST. (NEAR BATH ST.) Philadelphia, PA. 19137"
0048,39.991389,-75.080833,24-HR BLK AVG,3/16/2024,Micrograms/cubic meter (25 C),9,8,North East Waste (NEW),"3000 LEWIS ST. (NEAR BATH ST.) Philadelphia, PA. 19137"
0048,39.991389,-75.080833,24-HR BLK AVG,3/17/2024,Micrograms/cubic meter (25 C),12,11,North East Waste (NEW),"3000 LEWIS ST. (NEAR BATH ST.) Philadelphia, PA. 19137"
0048,39.991389,-75.080833,24-HR BLK AVG,3/18/2024,Micrograms/cubic meter (25 C),19,18,North East Waste (NEW),"3000 LEWIS ST. (NEAR BATH ST.) Philadelphia, PA. 19137"
0048,39.991389,-75.080833,24-HR BLK AVG,3/19/2024,Micrograms/cubic meter (25 C),15,14,North East Waste (NEW),"3000 LEWIS ST. (NEAR BATH ST.) Philadelphia, PA. 19137"
0048,39.991389,-75.080833,24-HR BLK AVG,3/20/2024,Micrograms/cubic meter (25 C),41,38,North East Waste (NEW),"3000 LEWIS ST. (NEAR BATH ST.) Philadelphia, PA. 19137"
0048,39.991389,-75.080833,24-HR BLK AVG,3/21/2024,Micrograms/cubic meter (25 C),15,14,North East Waste (NEW),"3000 LEWIS ST. (NEAR BATH ST.) Philadelphia, PA. 19137"
0048,39.991389,-75.080833,24-HR BLK AVG,3/22/2024,Micrograms/cubic meter (25 C),13,12,North East Waste (NEW),"3000 LEWIS ST. (NEAR BATH ST.) Philadelphia, PA. 19137"
0048,39.991389,-75.080833,24-HR BLK AVG,3/23/2024,Micrograms/cubic meter (25 C),7,6,North East Waste (NEW),"3000 LEWIS ST. (NEAR BATH ST.) Philadelphia, PA. 19137"
0048,39.991389,-75.080833,24-HR BLK AVG,3/24/2024,Micrograms/cubic meter (25 C),6,6,North East Waste (NEW),"3000 LEWIS ST. (NEAR BATH ST.) Philadelphia, PA. 19137"
0048,39.991389,-75.080833,24-HR BLK AVG,3/25/2024,Micrograms/cubic meter (25 C),11,10,North East Waste (NEW),"3000 LEWIS ST. (NEAR BATH ST.) Philadelphia, PA. 19137"
0048,39.991389,-75.080833,24-HR BLK AVG,3/26/2024,Micrograms/cubic meter (25 C),16,15,North East Waste (NEW),"3000 LEWIS ST. (NEAR BATH ST.) Philadelphia, PA. 19137"
0048,39.991389,-75.080833,24-HR BLK AVG,3/27/2024,Micrograms/cubic meter (25 C),14,13,North East Waste (NEW),"3000 LEWIS ST. (NEAR BATH ST.) Philadelphia, PA. 19137"
0048,39.991389,-75.080833,24-HR BLK AVG,3/28/2024,Micrograms/cubic meter (25 C),14,13,North East Waste (NEW),"3000 LEWIS ST. (NEAR BATH ST.) Philadelphia, PA. 19137"
0048,39.991389,-75.080833,24-HR BLK AVG,3/29/2024,Micrograms/cubic meter (25 C),16,15,North East Waste (NEW),"3000 LEWIS ST. (NEAR BATH ST.) Philadelphia, PA. 19137"
0048,39.991389,-75.080833,24-HR BLK AVG,3/30/2024,Micrograms/cubic meter (25 C),13,12,North East Waste (NEW),"3000 LEWIS ST. (NEAR BATH ST.) Philadelphia, PA. 19137"
0048,39.991389,-75.080833,24-HR BLK AVG,3/31/2024,Micrograms/cubic meter (25 C),12,11,North East Waste (NEW),"3000 LEWIS ST. (NEAR BATH ST.) Philadelphia, PA. 19137"
0048,39.991389,-75.080833,24-HR BLK AVG,4/3/2024,Micrograms/cubic meter (25 C),4,4,North East Waste (NEW),"3000 LEWIS ST. (NEAR BATH ST.) Philadelphia, PA. 19137"
0048,39.991389,-75.080833,24-HR BLK AVG,4/1/2024,Micrograms/cubic meter (25 C),18,17,North East Waste (NEW),"3000 LEWIS ST. (NEAR BATH ST.) Philadelphia, PA. 19137"
0048,39.991389,-75.080833,24-HR BLK AVG,4/2/2024,Micrograms/cubic meter (25 C),13,12,North East Waste (NEW),"3000 LEWIS ST. (NEAR BATH ST.) Philadelphia, PA. 19137"
0048,39.991389,-75.080833,24-HR BLK AVG,4/4/2024,Micrograms/cubic meter (25 C),6,6,North East Waste (NEW),"3000 LEWIS ST. (NEAR BATH ST.) Philadelphia, PA. 19137"
0048,39.991389,-75.080833,24-HR BLK AVG,4/8/2024,Micrograms/cubic meter (25 C),22,20,North East Waste (NEW),"3000 LEWIS ST. (NEAR BATH ST.) Philadelphia, PA. 19137"
0048,39.991389,-75.080833,24-HR BLK AVG,4/5/2024,Micrograms/cubic meter (25 C),6,6,North East Waste (NEW),"3000 LEWIS ST. (NEAR BATH ST.) Philadelphia, PA. 19137"
0048,39.991389,-75.080833,24-HR BLK AVG,4/6/2024,Micrograms/cubic meter (25 C),6,6,North East Waste (NEW),"3000 LEWIS ST. (NEAR BATH ST.) Philadelphia, PA. 19137"
0048,39.991389,-75.080833,24-HR BLK AVG,4/7/2024,Micrograms/cubic meter (25 C),5,5,North East Waste (NEW),"3000 LEWIS ST. (NEAR BATH ST.) Philadelphia, PA. 19137"
0048,39.991389,-75.080833,24-HR BLK AVG,4/9/2024,Micrograms/cubic meter (25 C),29,27,North East Waste (NEW),"3000 LEWIS ST. (NEAR BATH ST.) Philadelphia, PA. 19137"
0048,39.991389,-75.080833,24-HR BLK AVG,4/10/2024,Micrograms/cubic meter (25 C),32,30,North East Waste (NEW),"3000 LEWIS ST. (NEAR BATH ST.) Philadelphia, PA. 19137"
0048,39.991389,-75.080833,24-HR BLK AVG,4/11/2024,Micrograms/cubic meter (25 C),20,19,North East Waste (NEW),"3000 LEWIS ST. (NEAR BATH ST.) Philadelphia, PA. 19137"
0048,39.991389,-75.080833,24-HR BLK AVG,4/12/2024,Micrograms/cubic meter (25 C),10,9,North East Waste (NEW),"3000 LEWIS ST. (NEAR BATH ST.) Philadelphia, PA. 19137"
0048,39.991389,-75.080833,24-HR BLK AVG,4/13/2024,Micrograms/cubic meter (25 C),6,6,North East Waste (NEW),"3000 LEWIS ST. (NEAR BATH ST.) Philadelphia, PA. 19137"
0048,39.991389,-75.080833,24-HR BLK AVG,4/14/2024,Micrograms/cubic meter (25 C),12,11,North East Waste (NEW),"3000 LEWIS ST. (NEAR BATH ST.) Philadelphia, PA. 19137"
0048,39.991389,-75.080833,24-HR BLK AVG,4/15/2024,Micrograms/cubic meter (25 C),19,18,North East Waste (NEW),"3000 LEWIS ST. (NEAR BATH ST.) Philadelphia, PA. 19137"
0048,39.991389,-75.080833,24-HR BLK AVG,4/16/2024,Micrograms/cubic meter (25 C),19,18,North East Waste (NEW),"3000 LEWIS ST. (NEAR BATH ST.) Philadelphia, PA. 19137"
0048,39.991389,-75.080833,24-HR BLK AVG,4/17/2024,Micrograms/cubic meter (25 C),20,19,North East Waste (NEW),"3000 LEWIS ST. (NEAR BATH ST.) Philadelphia, PA. 19137"
0048,39.991389,-75.080833,24-HR BLK AVG,4/18/2024,Micrograms/cubic meter (25 C),12,11,North East Waste (NEW),"3000 LEWIS ST. (NEAR BATH ST.) Philadelphia, PA. 19137"
0048,39.991389,-75.080833,24-HR BLK AVG,4/19/2024,Micrograms/cubic meter (25 C),12,11,North East Waste (NEW),"3000 LEWIS ST. (NEAR BATH ST.) Philadelphia, PA. 19137"
0048,39.991389,-75.080833,24-HR BLK AVG,4/20/2024,Micrograms/cubic meter (25 C),12,11,North East Waste (NEW),"3000 LEWIS ST. (NEAR BATH ST.) Philadelphia, PA. 19137"
0048,39.991389,-75.080833,24-HR BLK AVG,4/21/2024,Micrograms/cubic meter (25 C),7,6,North East Waste (NEW),"3000 LEWIS ST. (NEAR BATH ST.) Philadelphia, PA. 19137"
0048,39.991389,-75.080833,24-HR BLK AVG,4/22/2024,Micrograms/cubic meter (25 C),16,15,North East Waste (NEW),"3000 LEWIS ST. (NEAR BATH ST.) Philadelphia, PA. 19137"
0048,39.991389,-75.080833,24-HR BLK AVG,4/23/2024,Micrograms/cubic meter (25 C),16,15,North East Waste (NEW),"3000 LEWIS ST. (NEAR BATH ST.) Philadelphia, PA. 19137"
0048,39.991389,-75.080833,24-HR BLK AVG,4/24/2024,Micrograms/cubic meter (25 C),23,21,North East Waste (NEW),"3000 LEWIS ST. (NEAR BATH ST.) Philadelphia, PA. 19137"
0048,39.991389,-75.080833,24-HR BLK AVG,4/25/2024,Micrograms/cubic meter (25 C),13,12,North East Waste (NEW),"3000 LEWIS ST. (NEAR BATH ST.) Philadelphia, PA. 19137"
0048,39.991389,-75.080833,24-HR BLK AVG,4/26/2024,Micrograms/cubic meter (25 C),18,17,North East Waste (NEW),"3000 LEWIS ST. (NEAR BATH ST.) Philadelphia, PA. 19137"
0048,39.991389,-75.080833,24-HR BLK AVG,4/27/2024,Micrograms/cubic meter (25 C),11,10,North East Waste (NEW),"3000 LEWIS ST. (NEAR BATH ST.) Philadelphia, PA. 19137"
0048,39.991389,-75.080833,24-HR BLK AVG,4/28/2024,Micrograms/cubic meter (25 C),19,18,North East Waste (NEW),"3000 LEWIS ST. (NEAR BATH ST.) Philadelphia, PA. 19137"
0048,39.991389,-75.080833,24-HR BLK AVG,4/29/2024,Micrograms/cubic meter (25 C),32,30,North East Waste (NEW),"3000 LEWIS ST. (NEAR BATH ST.) Philadelphia, PA. 19137"
0048,39.991389,-75.080833,24-HR BLK AVG,4/30/2024,Micrograms/cubic meter (25 C),35,32,North East Waste (NEW),"3000 LEWIS ST. (NEAR BATH ST.) Philadelphia, PA. 19137"
0048,39.991389,-75.080833,24-HR BLK AVG,5/1/2024,Micrograms/cubic meter (25 C),18,17,North East Waste (NEW),"3000 LEWIS ST. (NEAR BATH ST.) Philadelphia, PA. 19137"
0048,39.991389,-75.080833,24-HR BLK AVG,5/2/2024,Micrograms/cubic meter (25 C),26,24,North East Waste (NEW),"3000 LEWIS ST. (NEAR BATH ST.) Philadelphia, PA. 19137"
0048,39.991389,-75.080833,24-HR BLK AVG,5/3/2024,Micrograms/cubic meter (25 C),16,15,North East Waste (NEW),"3000 LEWIS ST. (NEAR BATH ST.) Philadelphia, PA. 19137"
0048,39.991389,-75.080833,24-HR BLK AVG,5/4/2024,Micrograms/cubic meter (25 C),8,7,North East Waste (NEW),"3000 LEWIS ST. (NEAR BATH ST.) Philadelphia, PA. 19137"
0048,39.991389,-75.080833,24-HR BLK AVG,5/5/2024,Micrograms/cubic meter (25 C),12,11,North East Waste (NEW),"3000 LEWIS ST. (NEAR BATH ST.) Philadelphia, PA. 19137"
0048,39.991389,-75.080833,24-HR BLK AVG,5/6/2024,Micrograms/cubic meter (25 C),21,19,North East Waste (NEW),"3000 LEWIS ST. (NEAR BATH ST.) Philadelphia, PA. 19137"
0048,39.991389,-75.080833,24-HR BLK AVG,5/7/2024,Micrograms/cubic meter (25 C),19,18,North East Waste (NEW),"3000 LEWIS ST. (NEAR BATH ST.) Philadelphia, PA. 19137"
0048,39.991389,-75.080833,24-HR BLK AVG,5/8/2024,Micrograms/cubic meter (25 C),22,20,North East Waste (NEW),"3000 LEWIS ST. (NEAR BATH ST.) Philadelphia, PA. 19137"
0048,39.991389,-75.080833,24-HR BLK AVG,5/9/2024,Micrograms/cubic meter (25 C),16,15,North East Waste (NEW),"3000 LEWIS ST. (NEAR BATH ST.) Philadelphia, PA. 19137"
0048,39.991389,-75.080833,24-HR BLK AVG,5/10/2024,Micrograms/cubic meter (25 C),8,7,North East Waste (NEW),"3000 LEWIS ST. (NEAR BATH ST.) Philadelphia, PA. 19137"
0048,39.991389,-75.080833,24-HR BLK AVG,5/11/2024,Micrograms/cubic meter (25 C),8,7,North East Waste (NEW),"3000 LEWIS ST. (NEAR BATH ST.) Philadelphia, PA. 19137"
0048,39.991389,-75.080833,24-HR BLK AVG,5/12/2024,Micrograms/cubic meter (25 C),7,6,North East Waste (NEW),"3000 LEWIS ST. (NEAR BATH ST.) Philadelphia, PA. 19137"
0048,39.991389,-75.080833,24-HR BLK AVG,5/13/2024,Micrograms/cubic meter (25 C),13,12,North East Waste (NEW),"3000 LEWIS ST. (NEAR BATH ST.) Philadelphia, PA. 19137"
0048,39.991389,-75.080833,24-HR BLK AVG,5/17/2024,Micrograms/cubic meter (25 C),12,11,North East Waste (NEW),"3000 LEWIS ST. (NEAR BATH ST.) Philadelphia, PA. 19137"
0048,39.991389,-75.080833,24-HR BLK AVG,5/14/2024,Micrograms/cubic meter (25 C),14,13,North East Waste (NEW),"3000 LEWIS ST. (NEAR BATH ST.) Philadelphia, PA. 19137"
0048,39.991389,-75.080833,24-HR BLK AVG,5/15/2024,Micrograms/cubic meter (25 C),9,8,North East Waste (NEW),"3000 LEWIS ST. (NEAR BATH ST.) Philadelphia, PA. 19137"
0048,39.991389,-75.080833,24-HR BLK AVG,5/16/2024,Micrograms/cubic meter (25 C),7,6,North East Waste (NEW),"3000 LEWIS ST. (NEAR BATH ST.) Philadelphia, PA. 19137"
0048,39.991389,-75.080833,24-HR BLK AVG,5/18/2024,Micrograms/cubic meter (25 C),20,19,North East Waste (NEW),"3000 LEWIS ST. (NEAR BATH ST.) Philadelphia, PA. 19137"
0048,39.991389,-75.080833,24-HR BLK AVG,5/19/2024,Micrograms/cubic meter (25 C),9,8,North East Waste (NEW),"3000 LEWIS ST. (NEAR BATH ST.) Philadelphia, PA. 19137"
0048,39.991389,-75.080833,24-HR BLK AVG,5/20/2024,Micrograms/cubic meter (25 C),13,12,North East Waste (NEW),"3000 LEWIS ST. (NEAR BATH ST.) Philadelphia, PA. 19137"
0048,39.991389,-75.080833,24-HR BLK AVG,5/21/2024,Micrograms/cubic meter (25 C),20,19,North East Waste (NEW),"3000 LEWIS ST. (NEAR BATH ST.) Philadelphia, PA. 19137"
0048,39.991389,-75.080833,24-HR BLK AVG,5/22/2024,Micrograms/cubic meter (25 C),19,18,North East Waste (NEW),"3000 LEWIS ST. (NEAR BATH ST.) Philadelphia, PA. 19137"
0048,39.991389,-75.080833,24-HR BLK AVG,5/23/2024,Micrograms/cubic meter (25 C),18,17,North East Waste (NEW),"3000 LEWIS ST. (NEAR BATH ST.) Philadelphia, PA. 19137"
0048,39.991389,-75.080833,24-HR BLK AVG,5/24/2024,Micrograms/cubic meter (25 C),23,21,North East Waste (NEW),"3000 LEWIS ST. (NEAR BATH ST.) Philadelphia, PA. 19137"
0048,39.991389,-75.080833,24-HR BLK AVG,5/25/2024,Micrograms/cubic meter (25 C),23,21,North East Waste (NEW),"3000 LEWIS ST. (NEAR BATH ST.) Philadelphia, PA. 19137"
0048,39.991389,-75.080833,24-HR BLK AVG,5/26/2024,Micrograms/cubic meter (25 C),17,16,North East Waste (NEW),"3000 LEWIS ST. (NEAR BATH ST.) Philadelphia, PA. 19137"
0048,39.991389,-75.080833,24-HR BLK AVG,5/27/2024,Micrograms/cubic meter (25 C),14,13,North East Waste (NEW),"3000 LEWIS ST. (NEAR BATH ST.) Philadelphia, PA. 19137"
0048,39.991389,-75.080833,24-HR BLK AVG,5/28/2024,Micrograms/cubic meter (25 C),14,13,North East Waste (NEW),"3000 LEWIS ST. (NEAR BATH ST.) Philadelphia, PA. 19137"
0048,39.991389,-75.080833,24-HR BLK AVG,5/29/2024,Micrograms/cubic meter (25 C),13,12,North East Waste (NEW),"3000 LEWIS ST. (NEAR BATH ST.) Philadelphia, PA. 19137"
0048,39.991389,-75.080833,24-HR BLK AVG,5/30/2024,Micrograms/cubic meter (25 C),17,16,North East Waste (NEW),"3000 LEWIS ST. (NEAR BATH ST.) Philadelphia, PA. 19137"
0048,39.991389,-75.080833,24-HR BLK AVG,5/31/2024,Micrograms/cubic meter (25 C),17,16,North East Waste (NEW),"3000 LEWIS ST. (NEAR BATH ST.) Philadelphia, PA. 19137"
0048,39.991389,-75.080833,24-HR BLK AVG,6/1/2024,Micrograms/cubic meter (25 C),20,19,North East Waste (NEW),"3000 LEWIS ST. (NEAR BATH ST.) Philadelphia, PA. 19137"
0048,39.991389,-75.080833,24-HR BLK AVG,6/2/2024,Micrograms/cubic meter (25 C),20,19,North East Waste (NEW),"3000 LEWIS ST. (NEAR BATH ST.) Philadelphia, PA. 19137"
0048,39.991389,-75.080833,24-HR BLK AVG,6/3/2024,Micrograms/cubic meter (25 C),20,19,North East Waste (NEW),"3000 LEWIS ST. (NEAR BATH ST.) Philadelphia, PA. 19137"
0048,39.991389,-75.080833,24-HR BLK AVG,6/4/2024,Micrograms/cubic meter (25 C),25,23,North East Waste (NEW),"3000 LEWIS ST. (NEAR BATH ST.) Philadelphia, PA. 19137"
0048,39.991389,-75.080833,24-HR BLK AVG,6/5/2024,Micrograms/cubic meter (25 C),18,17,North East Waste (NEW),"3000 LEWIS ST. (NEAR BATH ST.) Philadelphia, PA. 19137"
0048,39.991389,-75.080833,24-HR BLK AVG,6/6/2024,Micrograms/cubic meter (25 C),17,16,North East Waste (NEW),"3000 LEWIS ST. (NEAR BATH ST.) Philadelphia, PA. 19137"
0048,39.991389,-75.080833,24-HR BLK AVG,6/7/2024,Micrograms/cubic meter (25 C),23,21,North East Waste (NEW),"3000 LEWIS ST. (NEAR BATH ST.) Philadelphia, PA. 19137"
0048,39.991389,-75.080833,24-HR BLK AVG,6/8/2024,Micrograms/cubic meter (25 C),14,13,North East Waste (NEW),"3000 LEWIS ST. (NEAR BATH ST.) Philadelphia, PA. 19137"
0048,39.991389,-75.080833,24-HR BLK AVG,6/9/2024,Micrograms/cubic meter (25 C),13,12,North East Waste (NEW),"3000 LEWIS ST. (NEAR BATH ST.) Philadelphia, PA. 19137"
0048,39.991389,-75.080833,24-HR BLK AVG,6/10/2024,Micrograms/cubic meter (25 C),14,13,North East Waste (NEW),"3000 LEWIS ST. (NEAR BATH ST.) Philadelphia, PA. 19137"
0048,39.991389,-75.080833,24-HR BLK AVG,6/11/2024,Micrograms/cubic meter (25 C),12,11,North East Waste (NEW),"3000 LEWIS ST. (NEAR BATH ST.) Philadelphia, PA. 19137"
0048,39.991389,-75.080833,24-HR BLK AVG,6/12/2024,Micrograms/cubic meter (25 C),17,16,North East Waste (NEW),"3000 LEWIS ST. (NEAR BATH ST.) Philadelphia, PA. 19137"
0048,39.991389,-75.080833,24-HR BLK AVG,6/13/2024,Micrograms/cubic meter (25 C),21,19,North East Waste (NEW),"3000 LEWIS ST. (NEAR BATH ST.) Philadelphia, PA. 19137"
0048,39.991389,-75.080833,24-HR BLK AVG,6/14/2024,Micrograms/cubic meter (25 C),22,20,North East Waste (NEW),"3000 LEWIS ST. (NEAR BATH ST.) Philadelphia, PA. 19137"
0048,39.991389,-75.080833,24-HR BLK AVG,6/15/2024,Micrograms/cubic meter (25 C),12,11,North East Waste (NEW),"3000 LEWIS ST. (NEAR BATH ST.) Philadelphia, PA. 19137"
0048,39.991389,-75.080833,24-HR BLK AVG,6/16/2024,Micrograms/cubic meter (25 C),13,12,North East Waste (NEW),"3000 LEWIS ST. (NEAR BATH ST.) Philadelphia, PA. 19137"
0048,39.991389,-75.080833,24-HR BLK AVG,6/17/2024,Micrograms/cubic meter (25 C),18,17,North East Waste (NEW),"3000 LEWIS ST. (NEAR BATH ST.) Philadelphia, PA. 19137"
0048,39.991389,-75.080833,24-HR BLK AVG,6/18/2024,Micrograms/cubic meter (25 C),18,17,North East Waste (NEW),"3000 LEWIS ST. (NEAR BATH ST.) Philadelphia, PA. 19137"
0048,39.991389,-75.080833,24-HR BLK AVG,6/19/2024,Micrograms/cubic meter (25 C),16,15,North East Waste (NEW),"3000 LEWIS ST. (NEAR BATH ST.) Philadelphia, PA. 19137"
0048,39.991389,-75.080833,24-HR BLK AVG,6/20/2024,Micrograms/cubic meter (25 C),21,19,North East Waste (NEW),"3000 LEWIS ST. (NEAR BATH ST.) Philadelphia, PA. 19137"
0048,39.991389,-75.080833,24-HR BLK AVG,6/21/2024,Micrograms/cubic meter (25 C),23,21,North East Waste (NEW),"3000 LEWIS ST. (NEAR BATH ST.) Philadelphia, PA. 19137"
0048,39.991389,-75.080833,24-HR BLK AVG,6/22/2024,Micrograms/cubic meter (25 C),26,24,North East Waste (NEW),"3000 LEWIS ST. (NEAR BATH ST.) Philadelphia, PA. 19137"
0048,39.991389,-75.080833,24-HR BLK AVG,6/23/2024,Micrograms/cubic meter (25 C),19,18,North East Waste (NEW),"3000 LEWIS ST. (NEAR BATH ST.) Philadelphia, PA. 19137"
0048,39.991389,-75.080833,24-HR BLK AVG,6/24/2024,Micrograms/cubic meter (25 C),24,22,North East Waste (NEW),"3000 LEWIS ST. (NEAR BATH ST.) Philadelphia, PA. 19137"
0048,39.991389,-75.080833,24-HR BLK AVG,6/25/2024,Micrograms/cubic meter (25 C),22,20,North East Waste (NEW),"3000 LEWIS ST. (NEAR BATH ST.) Philadelphia, PA. 19137"
0048,39.991389,-75.080833,24-HR BLK AVG,6/26/2024,Micrograms/cubic meter (25 C),28,26,North East Waste (NEW),"3000 LEWIS ST. (NEAR BATH ST.) Philadelphia, PA. 19137"
0048,39.991389,-75.080833,24-HR BLK AVG,6/27/2024,Micrograms/cubic meter (25 C),11,10,North East Waste (NEW),"3000 LEWIS ST. (NEAR BATH ST.) Philadelphia, PA. 19137"
0048,39.991389,-75.080833,24-HR BLK AVG,6/28/2024,Micrograms/cubic meter (25 C),11,10,North East Waste (NEW),"3000 LEWIS ST. (NEAR BATH ST.) Philadelphia, PA. 19137"
0048,39.991389,-75.080833,24-HR BLK AVG,6/29/2024,Micrograms/cubic meter (25 C),12,11,North East Waste (NEW),"3000 LEWIS ST. (NEAR BATH ST.) Philadelphia, PA. 19137"
0048,39.991389,-75.080833,24-HR BLK AVG,6/30/2024,Micrograms/cubic meter (25 C),11,10,North East Waste (NEW),"3000 LEWIS ST. (NEAR BATH ST.) Philadelphia, PA. 19137"
0048,39.991389,-75.080833,24-HR BLK AVG,7/4/2024,Micrograms/cubic meter (25 C),18,17,North East Waste (NEW),"3000 LEWIS ST. (NEAR BATH ST.) Philadelphia, PA. 19137"
0048,39.991389,-75.080833,24-HR BLK AVG,7/1/2024,Micrograms/cubic meter (25 C),8,7,North East Waste (NEW),"3000 LEWIS ST. (NEAR BATH ST.) Philadelphia, PA. 19137"
0048,39.991389,-75.080833,24-HR BLK AVG,7/2/2024,Micrograms/cubic meter (25 C),11,10,North East Waste (NEW),"3000 LEWIS ST. (NEAR BATH ST.) Philadelphia, PA. 19137"
0048,39.991389,-75.080833,24-HR BLK AVG,7/3/2024,Micrograms/cubic meter (25 C),14,13,North East Waste (NEW),"3000 LEWIS ST. (NEAR BATH ST.) Philadelphia, PA. 19137"
0048,39.991389,-75.080833,24-HR BLK AVG,7/5/2024,Micrograms/cubic meter (25 C),23,21,North East Waste (NEW),"3000 LEWIS ST. (NEAR BATH ST.) Philadelphia, PA. 19137"
0048,39.991389,-75.080833,24-HR BLK AVG,7/6/2024,Micrograms/cubic meter (25 C),18,17,North East Waste (NEW),"3000 LEWIS ST. (NEAR BATH ST.) Philadelphia, PA. 19137"
0048,39.991389,-75.080833,24-HR BLK AVG,7/7/2024,Micrograms/cubic meter (25 C),20,19,North East Waste (NEW),"3000 LEWIS ST. (NEAR BATH ST.) Philadelphia, PA. 19137"
0048,39.991389,-75.080833,24-HR BLK AVG,7/8/2024,Micrograms/cubic meter (25 C),21,19,North East Waste (NEW),"3000 LEWIS ST. (NEAR BATH ST.) Philadelphia, PA. 19137"
0048,39.991389,-75.080833,24-HR BLK AVG,7/9/2024,Micrograms/cubic meter (25 C),20,19,North East Waste (NEW),"3000 LEWIS ST. (NEAR BATH ST.) Philadelphia, PA. 19137"
0048,39.991389,-75.080833,24-HR BLK AVG,7/10/2024,Micrograms/cubic meter (25 C),16,15,North East Waste (NEW),"3000 LEWIS ST. (NEAR BATH ST.) Philadelphia, PA. 19137"
0048,39.991389,-75.080833,24-HR BLK AVG,7/11/2024,Micrograms/cubic meter (25 C),10,9,North East Waste (NEW),"3000 LEWIS ST. (NEAR BATH ST.) Philadelphia, PA. 19137"
0048,39.991389,-75.080833,24-HR BLK AVG,7/12/2024,Micrograms/cubic meter (25 C),10,9,North East Waste (NEW),"3000 LEWIS ST. (NEAR BATH ST.) Philadelphia, PA. 19137"
0048,39.991389,-75.080833,24-HR BLK AVG,7/13/2024,Micrograms/cubic meter (25 C),9,8,North East Waste (NEW),"3000 LEWIS ST. (NEAR BATH ST.) Philadelphia, PA. 19137"
0048,39.991389,-75.080833,24-HR BLK AVG,7/14/2024,Micrograms/cubic meter (25 C),13,12,North East Waste (NEW),"3000 LEWIS ST. (NEAR BATH ST.) Philadelphia, PA. 19137"
0048,39.991389,-75.080833,24-HR BLK AVG,7/15/2024,Micrograms/cubic meter (25 C),20,19,North East Waste (NEW),"3000 LEWIS ST. (NEAR BATH ST.) Philadelphia, PA. 19137"
0048,39.991389,-75.080833,24-HR BLK AVG,7/16/2024,Micrograms/cubic meter (25 C),27,25,North East Waste (NEW),"3000 LEWIS ST. (NEAR BATH ST.) Philadelphia, PA. 19137"
0048,39.991389,-75.080833,24-HR BLK AVG,7/17/2024,Micrograms/cubic meter (25 C),18,17,North East Waste (NEW),"3000 LEWIS ST. (NEAR BATH ST.) Philadelphia, PA. 19137"
0048,39.991389,-75.080833,24-HR BLK AVG,7/18/2024,Micrograms/cubic meter (25 C),17,16,North East Waste (NEW),"3000 LEWIS ST. (NEAR BATH ST.) Philadelphia, PA. 19137"
0048,39.991389,-75.080833,24-HR BLK AVG,7/19/2024,Micrograms/cubic meter (25 C),13,12,North East Waste (NEW),"3000 LEWIS ST. (NEAR BATH ST.) Philadelphia, PA. 19137"
0048,39.991389,-75.080833,24-HR BLK AVG,7/20/2024,Micrograms/cubic meter (25 C),14,13,North East Waste (NEW),"3000 LEWIS ST. (NEAR BATH ST.) Philadelphia, PA. 19137"
0048,39.991389,-75.080833,24-HR BLK AVG,7/21/2024,Micrograms/cubic meter (25 C),14,13,North East Waste (NEW),"3000 LEWIS ST. (NEAR BATH ST.) Philadelphia, PA. 19137"
0048,39.991389,-75.080833,24-HR BLK AVG,7/22/2024,Micrograms/cubic meter (25 C),12,11,North East Waste (NEW),"3000 LEWIS ST. (NEAR BATH ST.) Philadelphia, PA. 19137"
0048,39.991389,-75.080833,24-HR BLK AVG,7/23/2024,Micrograms/cubic meter (25 C),11,10,North East Waste (NEW),"3000 LEWIS ST. (NEAR BATH ST.) Philadelphia, PA. 19137"
0048,39.991389,-75.080833,24-HR BLK AVG,7/24/2024,Micrograms/cubic meter (25 C),13,12,North East Waste (NEW),"3000 LEWIS ST. (NEAR BATH ST.) Philadelphia, PA. 19137"
0048,39.991389,-75.080833,24-HR BLK AVG,7/25/2024,Micrograms/cubic meter (25 C),20,19,North East Waste (NEW),"3000 LEWIS ST. (NEAR BATH ST.) Philadelphia, PA. 19137"
0048,39.991389,-75.080833,24-HR BLK AVG,7/26/2024,Micrograms/cubic meter (25 C),12,11,North East Waste (NEW),"3000 LEWIS ST. (NEAR BATH ST.) Philadelphia, PA. 19137"
0048,39.991389,-75.080833,24-HR BLK AVG,7/27/2024,Micrograms/cubic meter (25 C),16,15,North East Waste (NEW),"3000 LEWIS ST. (NEAR BATH ST.) Philadelphia, PA. 19137"
0048,39.991389,-75.080833,24-HR BLK AVG,7/28/2024,Micrograms/cubic meter (25 C),24,22,North East Waste (NEW),"3000 LEWIS ST. (NEAR BATH ST.) Philadelphia, PA. 19137"
0048,39.991389,-75.080833,24-HR BLK AVG,7/29/2024,Micrograms/cubic meter (25 C),25,23,North East Waste (NEW),"3000 LEWIS ST. (NEAR BATH ST.) Philadelphia, PA. 19137"
0048,39.991389,-75.080833,24-HR BLK AVG,7/30/2024,Micrograms/cubic meter (25 C),21,19,North East Waste (NEW),"3000 LEWIS ST. (NEAR BATH ST.) Philadelphia, PA. 19137"
0048,39.991389,-75.080833,24-HR BLK AVG,7/31/2024,Micrograms/cubic meter (25 C),17,16,North East Waste (NEW),"3000 LEWIS ST. (NEAR BATH ST.) Philadelphia, PA. 19137"
0048,39.991389,-75.080833,24-HR BLK AVG,8/1/2024,Micrograms/cubic meter (25 C),26,24,North East Waste (NEW),"3000 LEWIS ST. (NEAR BATH ST.) Philadelphia, PA. 19137"
0048,39.991389,-75.080833,24-HR BLK AVG,8/2/2024,Micrograms/cubic meter (25 C),24,22,North East Waste (NEW),"3000 LEWIS ST. (NEAR BATH ST.) Philadelphia, PA. 19137"
0048,39.991389,-75.080833,24-HR BLK AVG,8/3/2024,Micrograms/cubic meter (25 C),20,19,North East Waste (NEW),"3000 LEWIS ST. (NEAR BATH ST.) Philadelphia, PA. 19137"
0048,39.991389,-75.080833,24-HR BLK AVG,8/4/2024,Micrograms/cubic meter (25 C),16,15,North East Waste (NEW),"3000 LEWIS ST. (NEAR BATH ST.) Philadelphia, PA. 19137"
0048,39.991389,-75.080833,24-HR BLK AVG,8/5/2024,Micrograms/cubic meter (25 C),18,17,North East Waste (NEW),"3000 LEWIS ST. (NEAR BATH ST.) Philadelphia, PA. 19137"
0048,39.991389,-75.080833,24-HR BLK AVG,8/6/2024,Micrograms/cubic meter (25 C),20,19,North East Waste (NEW),"3000 LEWIS ST. (NEAR BATH ST.) Philadelphia, PA. 19137"
0048,39.991389,-75.080833,24-HR BLK AVG,8/7/2024,Micrograms/cubic meter (25 C),10,9,North East Waste (NEW),"3000 LEWIS ST. (NEAR BATH ST.) Philadelphia, PA. 19137"
0048,39.991389,-75.080833,24-HR BLK AVG,8/8/2024,Micrograms/cubic meter (25 C),9,8,North East Waste (NEW),"3000 LEWIS ST. (NEAR BATH ST.) Philadelphia, PA. 19137"
0048,39.991389,-75.080833,24-HR BLK AVG,8/9/2024,Micrograms/cubic meter (25 C),18,17,North East Waste (NEW),"3000 LEWIS ST. (NEAR BATH ST.) Philadelphia, PA. 19137"
0048,39.991389,-75.080833,24-HR BLK AVG,8/10/2024,Micrograms/cubic meter (25 C),16,15,North East Waste (NEW),"3000 LEWIS ST. (NEAR BATH ST.) Philadelphia, PA. 19137"
0048,39.991389,-75.080833,24-HR BLK AVG,8/11/2024,Micrograms/cubic meter (25 C),12,11,North East Waste (NEW),"3000 LEWIS ST. (NEAR BATH ST.) Philadelphia, PA. 19137"
0048,39.991389,-75.080833,24-HR BLK AVG,8/12/2024,Micrograms/cubic meter (25 C),15,14,North East Waste (NEW),"3000 LEWIS ST. (NEAR BATH ST.) Philadelphia, PA. 19137"
0048,39.991389,-75.080833,24-HR BLK AVG,8/13/2024,Micrograms/cubic meter (25 C),16,15,North East Waste (NEW),"3000 LEWIS ST. (NEAR BATH ST.) Philadelphia, PA. 19137"
0048,39.991389,-75.080833,24-HR BLK AVG,8/14/2024,Micrograms/cubic meter (25 C),25,23,North East Waste (NEW),"3000 LEWIS ST. (NEAR BATH ST.) Philadelphia, PA. 19137"
0048,39.991389,-75.080833,24-HR BLK AVG,8/15/2024,Micrograms/cubic meter (25 C),26,24,North East Waste (NEW),"3000 LEWIS ST. (NEAR BATH ST.) Philadelphia, PA. 19137"
0048,39.991389,-75.080833,24-HR BLK AVG,8/16/2024,Micrograms/cubic meter (25 C),29,27,North East Waste (NEW),"3000 LEWIS ST. (NEAR BATH ST.) Philadelphia, PA. 19137"
0048,39.991389,-75.080833,24-HR BLK AVG,8/17/2024,Micrograms/cubic meter (25 C),26,24,North East Waste (NEW),"3000 LEWIS ST. (NEAR BATH ST.) Philadelphia, PA. 19137"
0048,39.991389,-75.080833,24-HR BLK AVG,8/18/2024,Micrograms/cubic meter (25 C),20,19,North East Waste (NEW),"3000 LEWIS ST. (NEAR BATH ST.) Philadelphia, PA. 19137"
0048,39.991389,-75.080833,24-HR BLK AVG,8/19/2024,Micrograms/cubic meter (25 C),12,11,North East Waste (NEW),"3000 LEWIS ST. (NEAR BATH ST.) Philadelphia, PA. 19137"
0048,39.991389,-75.080833,24-HR BLK AVG,8/20/2024,Micrograms/cubic meter (25 C),13,12,North East Waste (NEW),"3000 LEWIS ST. (NEAR BATH ST.) Philadelphia, PA. 19137"
0048,39.991389,-75.080833,24-HR BLK AVG,8/21/2024,Micrograms/cubic meter (25 C),12,11,North East Waste (NEW),"3000 LEWIS ST. (NEAR BATH ST.) Philadelphia, PA. 19137"
0048,39.991389,-75.080833,24-HR BLK AVG,8/22/2024,Micrograms/cubic meter (25 C),14,13,North East Waste (NEW),"3000 LEWIS ST. (NEAR BATH ST.) Philadelphia, PA. 19137"
0048,39.991389,-75.080833,24-HR BLK AVG,8/23/2024,Micrograms/cubic meter (25 C),19,18,North East Waste (NEW),"3000 LEWIS ST. (NEAR BATH ST.) Philadelphia, PA. 19137"
0048,39.991389,-75.080833,24-HR BLK AVG,8/24/2024,Micrograms/cubic meter (25 C),21,19,North East Waste (NEW),"3000 LEWIS ST. (NEAR BATH ST.) Philadelphia, PA. 19137"
0048,39.991389,-75.080833,24-HR BLK AVG,8/25/2024,Micrograms/cubic meter (25 C),18,17,North East Waste (NEW),"3000 LEWIS ST. (NEAR BATH ST.) Philadelphia, PA. 19137"
0048,39.991389,-75.080833,24-HR BLK AVG,8/26/2024,Micrograms/cubic meter (25 C),25,23,North East Waste (NEW),"3000 LEWIS ST. (NEAR BATH ST.) Philadelphia, PA. 19137"
0048,39.991389,-75.080833,24-HR BLK AVG,8/27/2024,Micrograms/cubic meter (25 C),26,24,North East Waste (NEW),"3000 LEWIS ST. (NEAR BATH ST.) Philadelphia, PA. 19137"
0048,39.991389,-75.080833,24-HR BLK AVG,8/28/2024,Micrograms/cubic meter (25 C),25,23,North East Waste (NEW),"3000 LEWIS ST. (NEAR BATH ST.) Philadelphia, PA. 19137"
0048,39.991389,-75.080833,24-HR BLK AVG,8/29/2024,Micrograms/cubic meter (25 C),17,16,North East Waste (NEW),"3000 LEWIS ST. (NEAR BATH ST.) Philadelphia, PA. 19137"
0048,39.991389,-75.080833,24-HR BLK AVG,8/30/2024,Micrograms/cubic meter (25 C),14,13,North East Waste (NEW),"3000 LEWIS ST. (NEAR BATH ST.) Philadelphia, PA. 19137"
0048,39.991389,-75.080833,24-HR BLK AVG,8/31/2024,Micrograms/cubic meter (25 C),12,11,North East Waste (NEW),"3000 LEWIS ST. (NEAR BATH ST.) Philadelphia, PA. 19137"
0048,39.991389,-75.080833,24-HR BLK AVG,9/1/2024,Micrograms/cubic meter (25 C),11,10,North East Waste (NEW),"3000 LEWIS ST. (NEAR BATH ST.) Philadelphia, PA. 19137"
0048,39.991389,-75.080833,24-HR BLK AVG,9/2/2024,Micrograms/cubic meter (25 C),11,10,North East Waste (NEW),"3000 LEWIS ST. (NEAR BATH ST.) Philadelphia, PA. 19137"
0048,39.991389,-75.080833,24-HR BLK AVG,9/3/2024,Micrograms/cubic meter (25 C),11,10,North East Waste (NEW),"3000 LEWIS ST. (NEAR BATH ST.) Philadelphia, PA. 19137"
0048,39.991389,-75.080833,24-HR BLK AVG,9/4/2024,Micrograms/cubic meter (25 C),16,15,North East Waste (NEW),"3000 LEWIS ST. (NEAR BATH ST.) Philadelphia, PA. 19137"
0048,39.991389,-75.080833,24-HR BLK AVG,9/5/2024,Micrograms/cubic meter (25 C),14,13,North East Waste (NEW),"3000 LEWIS ST. (NEAR BATH ST.) Philadelphia, PA. 19137"
0048,39.991389,-75.080833,24-HR BLK AVG,9/6/2024,Micrograms/cubic meter (25 C),18,17,North East Waste (NEW),"3000 LEWIS ST. (NEAR BATH ST.) Philadelphia, PA. 19137"
0048,39.991389,-75.080833,24-HR BLK AVG,9/7/2024,Micrograms/cubic meter (25 C),16,15,North East Waste (NEW),"3000 LEWIS ST. (NEAR BATH ST.) Philadelphia, PA. 19137"
0048,39.991389,-75.080833,24-HR BLK AVG,9/8/2024,Micrograms/cubic meter (25 C),6,6,North East Waste (NEW),"3000 LEWIS ST. (NEAR BATH ST.) Philadelphia, PA. 19137"
0048,39.991389,-75.080833,24-HR BLK AVG,9/9/2024,Micrograms/cubic meter (25 C),12,11,North East Waste (NEW),"3000 LEWIS ST. (NEAR BATH ST.) Philadelphia, PA. 19137"
0048,39.991389,-75.080833,24-HR BLK AVG,9/10/2024,Micrograms/cubic meter (25 C),17,16,North East Waste (NEW),"3000 LEWIS ST. (NEAR BATH ST.) Philadelphia, PA. 19137"
0048,39.991389,-75.080833,24-HR BLK AVG,9/11/2024,Micrograms/cubic meter (25 C),16,15,North East Waste (NEW),"3000 LEWIS ST. (NEAR BATH ST.) Philadelphia, PA. 19137"
0048,39.991389,-75.080833,24-HR BLK AVG,9/12/2024,Micrograms/cubic meter (25 C),21,19,North East Waste (NEW),"3000 LEWIS ST. (NEAR BATH ST.) Philadelphia, PA. 19137"
0048,39.991389,-75.080833,24-HR BLK AVG,9/13/2024,Micrograms/cubic meter (25 C),15,14,North East Waste (NEW),"3000 LEWIS ST. (NEAR BATH ST.) Philadelphia, PA. 19137"
0048,39.991389,-75.080833,24-HR BLK AVG,9/14/2024,Micrograms/cubic meter (25 C),18,17,North East Waste (NEW),"3000 LEWIS ST. (NEAR BATH ST.) Philadelphia, PA. 19137"
0048,39.991389,-75.080833,24-HR BLK AVG,9/15/2024,Micrograms/cubic meter (25 C),15,14,North East Waste (NEW),"3000 LEWIS ST. (NEAR BATH ST.) Philadelphia, PA. 19137"
0048,39.991389,-75.080833,24-HR BLK AVG,9/16/2024,Micrograms/cubic meter (25 C),15,14,North East Waste (NEW),"3000 LEWIS ST. (NEAR BATH ST.) Philadelphia, PA. 19137"
0048,39.991389,-75.080833,24-HR BLK AVG,9/17/2024,Micrograms/cubic meter (25 C),18,17,North East Waste (NEW),"3000 LEWIS ST. (NEAR BATH ST.) Philadelphia, PA. 19137"
0048,39.991389,-75.080833,24-HR BLK AVG,9/18/2024,Micrograms/cubic meter (25 C),18,17,North East Waste (NEW),"3000 LEWIS ST. (NEAR BATH ST.) Philadelphia, PA. 19137"
0048,39.991389,-75.080833,24-HR BLK AVG,9/19/2024,Micrograms/cubic meter (25 C),22,20,North East Waste (NEW),"3000 LEWIS ST. (NEAR BATH ST.) Philadelphia, PA. 19137"
0048,39.991389,-75.080833,24-HR BLK AVG,9/20/2024,Micrograms/cubic meter (25 C),18,17,North East Waste (NEW),"3000 LEWIS ST. (NEAR BATH ST.) Philadelphia, PA. 19137"
0048,39.991389,-75.080833,24-HR BLK AVG,9/21/2024,Micrograms/cubic meter (25 C),14,13,North East Waste (NEW),"3000 LEWIS ST. (NEAR BATH ST.) Philadelphia, PA. 19137"
0048,39.991389,-75.080833,24-HR BLK AVG,9/22/2024,Micrograms/cubic meter (25 C),10,9,North East Waste (NEW),"3000 LEWIS ST. (NEAR BATH ST.) Philadelphia, PA. 19137"
0048,39.991389,-75.080833,24-HR BLK AVG,9/23/2024,Micrograms/cubic meter (25 C),14,13,North East Waste (NEW),"3000 LEWIS ST. (NEAR BATH ST.) Philadelphia, PA. 19137"
0048,39.991389,-75.080833,24-HR BLK AVG,9/24/2024,Micrograms/cubic meter (25 C),14,13,North East Waste (NEW),"3000 LEWIS ST. (NEAR BATH ST.) Philadelphia, PA. 19137"
0048,39.991389,-75.080833,24-HR BLK AVG,9/25/2024,Micrograms/cubic meter (25 C),14,13,North East Waste (NEW),"3000 LEWIS ST. (NEAR BATH ST.) Philadelphia, PA. 19137"
0048,39.991389,-75.080833,24-HR BLK AVG,9/26/2024,Micrograms/cubic meter (25 C),13,12,North East Waste (NEW),"3000 LEWIS ST. (NEAR BATH ST.) Philadelphia, PA. 19137"
0048,39.991389,-75.080833,24-HR BLK AVG,9/27/2024,Micrograms/cubic meter (25 C),9,8,North East Waste (NEW),"3000 LEWIS ST. (NEAR BATH ST.) Philadelphia, PA. 19137"
0048,39.991389,-75.080833,24-HR BLK AVG,9/28/2024,Micrograms/cubic meter (25 C),5,5,North East Waste (NEW),"3000 LEWIS ST. (NEAR BATH ST.) Philadelphia, PA. 19137"
0048,39.991389,-75.080833,24-HR BLK AVG,9/29/2024,Micrograms/cubic meter (25 C),6,6,North East Waste (NEW),"3000 LEWIS ST. (NEAR BATH ST.) Philadelphia, PA. 19137"
0048,39.991389,-75.080833,24-HR BLK AVG,9/30/2024,Micrograms/cubic meter (25 C),11,10,North East Waste (NEW),"3000 LEWIS ST. (NEAR BATH ST.) Philadelphia, PA. 19137"
0048,39.991389,-75.080833,24-HR BLK AVG,10/3/2024,Micrograms/cubic meter (25 C),15,14,North East Waste (NEW),"3000 LEWIS ST. (NEAR BATH ST.) Philadelphia, PA. 19137"
0048,39.991389,-75.080833,24-HR BLK AVG,10/1/2024,Micrograms/cubic meter (25 C),13,12,North East Waste (NEW),"3000 LEWIS ST. (NEAR BATH ST.) Philadelphia, PA. 19137"
0048,39.991389,-75.080833,24-HR BLK AVG,10/2/2024,Micrograms/cubic meter (25 C),14,13,North East Waste (NEW),"3000 LEWIS ST. (NEAR BATH ST.) Philadelphia, PA. 19137"
0048,39.991389,-75.080833,24-HR BLK AVG,10/4/2024,Micrograms/cubic meter (25 C),17,16,North East Waste (NEW),"3000 LEWIS ST. (NEAR BATH ST.) Philadelphia, PA. 19137"
0048,39.991389,-75.080833,24-HR BLK AVG,10/5/2024,Micrograms/cubic meter (25 C),15,14,North East Waste (NEW),"3000 LEWIS ST. (NEAR BATH ST.) Philadelphia, PA. 19137"
0048,39.991389,-75.080833,24-HR BLK AVG,10/6/2024,Micrograms/cubic meter (25 C),14,13,North East Waste (NEW),"3000 LEWIS ST. (NEAR BATH ST.) Philadelphia, PA. 19137"
0048,39.991389,-75.080833,24-HR BLK AVG,10/7/2024,Micrograms/cubic meter (25 C),27,25,North East Waste (NEW),"3000 LEWIS ST. (NEAR BATH ST.) Philadelphia, PA. 19137"
0048,39.991389,-75.080833,24-HR BLK AVG,10/8/2024,Micrograms/cubic meter (25 C),19,18,North East Waste (NEW),"3000 LEWIS ST. (NEAR BATH ST.) Philadelphia, PA. 19137"
0048,39.991389,-75.080833,24-HR BLK AVG,10/9/2024,Micrograms/cubic meter (25 C),23,21,North East Waste (NEW),"3000 LEWIS ST. (NEAR BATH ST.) Philadelphia, PA. 19137"
0048,39.991389,-75.080833,24-HR BLK AVG,10/10/2024,Micrograms/cubic meter (25 C),13,12,North East Waste (NEW),"3000 LEWIS ST. (NEAR BATH ST.) Philadelphia, PA. 19137"
0048,39.991389,-75.080833,24-HR BLK AVG,10/11/2024,Micrograms/cubic meter (25 C),18,17,North East Waste (NEW),"3000 LEWIS ST. (NEAR BATH ST.) Philadelphia, PA. 19137"
0048,39.991389,-75.080833,24-HR BLK AVG,10/12/2024,Micrograms/cubic meter (25 C),23,21,North East Waste (NEW),"3000 LEWIS ST. (NEAR BATH ST.) Philadelphia, PA. 19137"
0048,39.991389,-75.080833,24-HR BLK AVG,10/13/2024,Micrograms/cubic meter (25 C),30,28,North East Waste (NEW),"3000 LEWIS ST. (NEAR BATH ST.) Philadelphia, PA. 19137"
0048,39.991389,-75.080833,24-HR BLK AVG,10/14/2024,Micrograms/cubic meter (25 C),33,31,North East Waste (NEW),"3000 LEWIS ST. (NEAR BATH ST.) Philadelphia, PA. 19137"
0048,39.991389,-75.080833,24-HR BLK AVG,10/15/2024,Micrograms/cubic meter (25 C),13,12,North East Waste (NEW),"3000 LEWIS ST. (NEAR BATH ST.) Philadelphia, PA. 19137"
0048,39.991389,-75.080833,24-HR BLK AVG,10/16/2024,Micrograms/cubic meter (25 C),14,13,North East Waste (NEW),"3000 LEWIS ST. (NEAR BATH ST.) Philadelphia, PA. 19137"
0048,39.991389,-75.080833,24-HR BLK AVG,10/17/2024,Micrograms/cubic meter (25 C),12,11,North East Waste (NEW),"3000 LEWIS ST. (NEAR BATH ST.) Philadelphia, PA. 19137"
0048,39.991389,-75.080833,24-HR BLK AVG,10/18/2024,Micrograms/cubic meter (25 C),14,13,North East Waste (NEW),"3000 LEWIS ST. (NEAR BATH ST.) Philadelphia, PA. 19137"
0048,39.991389,-75.080833,24-HR BLK AVG,10/19/2024,Micrograms/cubic meter (25 C),21,19,North East Waste (NEW),"3000 LEWIS ST. (NEAR BATH ST.) Philadelphia, PA. 19137"
0048,39.991389,-75.080833,24-HR BLK AVG,10/20/2024,Micrograms/cubic meter (25 C),20,19,North East Waste (NEW),"3000 LEWIS ST. (NEAR BATH ST.) Philadelphia, PA. 19137"
0048,39.991389,-75.080833,24-HR BLK AVG,10/21/2024,Micrograms/cubic meter (25 C),38,35,North East Waste (NEW),"3000 LEWIS ST. (NEAR BATH ST.) Philadelphia, PA. 19137"
0048,39.991389,-75.080833,24-HR BLK AVG,10/22/2024,Micrograms/cubic meter (25 C),42,39,North East Waste (NEW),"3000 LEWIS ST. (NEAR BATH ST.) Philadelphia, PA. 19137"
0048,39.991389,-75.080833,24-HR BLK AVG,10/23/2024,Micrograms/cubic meter (25 C),30,28,North East Waste (NEW),"3000 LEWIS ST. (NEAR BATH ST.) Philadelphia, PA. 19137"
0048,39.991389,-75.080833,24-HR BLK AVG,10/24/2024,Micrograms/cubic meter (25 C),23,21,North East Waste (NEW),"3000 LEWIS ST. (NEAR BATH ST.) Philadelphia, PA. 19137"
0048,39.991389,-75.080833,24-HR BLK AVG,10/25/2024,Micrograms/cubic meter (25 C),18,17,North East Waste (NEW),"3000 LEWIS ST. (NEAR BATH ST.) Philadelphia, PA. 19137"
0048,39.991389,-75.080833,24-HR BLK AVG,10/26/2024,Micrograms/cubic meter (25 C),24,22,North East Waste (NEW),"3000 LEWIS ST. (NEAR BATH ST.) Philadelphia, PA. 19137"
0048,39.991389,-75.080833,24-HR BLK AVG,10/27/2024,Micrograms/cubic meter (25 C),8,7,North East Waste (NEW),"3000 LEWIS ST. (NEAR BATH ST.) Philadelphia, PA. 19137"
0048,39.991389,-75.080833,24-HR BLK AVG,10/28/2024,Micrograms/cubic meter (25 C),29,27,North East Waste (NEW),"3000 LEWIS ST. (NEAR BATH ST.) Philadelphia, PA. 19137"
0048,39.991389,-75.080833,24-HR BLK AVG,10/29/2024,Micrograms/cubic meter (25 C),25,23,North East Waste (NEW),"3000 LEWIS ST. (NEAR BATH ST.) Philadelphia, PA. 19137"
0048,39.991389,-75.080833,24-HR BLK AVG,10/30/2024,Micrograms/cubic meter (25 C),31,29,North East Waste (NEW),"3000 LEWIS ST. (NEAR BATH ST.) Philadelphia, PA. 19137"
0048,39.991389,-75.080833,24-HR BLK AVG,10/31/2024,Micrograms/cubic meter (25 C),27,25,North East Waste (NEW),"3000 LEWIS ST. (NEAR BATH ST.) Philadelphia, PA. 19137"
0048,39.991389,-75.080833,24-HR BLK AVG,11/1/2024,Micrograms/cubic meter (25 C),23,21,North East Waste (NEW),"3000 LEWIS ST. (NEAR BATH ST.) Philadelphia, PA. 19137"
0048,39.991389,-75.080833,24-HR BLK AVG,11/5/2024,Micrograms/cubic meter (25 C),20,19,North East Waste (NEW),"3000 LEWIS ST. (NEAR BATH ST.) Philadelphia, PA. 19137"
0048,39.991389,-75.080833,24-HR BLK AVG,11/2/2024,Micrograms/cubic meter (25 C),12,11,North East Waste (NEW),"3000 LEWIS ST. (NEAR BATH ST.) Philadelphia, PA. 19137"
0048,39.991389,-75.080833,24-HR BLK AVG,11/3/2024,Micrograms/cubic meter (25 C),8,7,North East Waste (NEW),"3000 LEWIS ST. (NEAR BATH ST.) Philadelphia, PA. 19137"
0048,39.991389,-75.080833,24-HR BLK AVG,11/4/2024,Micrograms/cubic meter (25 C),37,34,North East Waste (NEW),"3000 LEWIS ST. (NEAR BATH ST.) Philadelphia, PA. 19137"
0048,39.991389,-75.080833,24-HR BLK AVG,11/6/2024,Micrograms/cubic meter (25 C),22,20,North East Waste (NEW),"3000 LEWIS ST. (NEAR BATH ST.) Philadelphia, PA. 19137"
0048,39.991389,-75.080833,24-HR BLK AVG,11/7/2024,Micrograms/cubic meter (25 C),26,24,North East Waste (NEW),"3000 LEWIS ST. (NEAR BATH ST.) Philadelphia, PA. 19137"
0048,39.991389,-75.080833,24-HR BLK AVG,11/8/2024,Micrograms/cubic meter (25 C),30,28,North East Waste (NEW),"3000 LEWIS ST. (NEAR BATH ST.) Philadelphia, PA. 19137"
0048,39.991389,-75.080833,24-HR BLK AVG,11/9/2024,Micrograms/cubic meter (25 C),15,14,North East Waste (NEW),"3000 LEWIS ST. (NEAR BATH ST.) Philadelphia, PA. 19137"
0048,39.991389,-75.080833,24-HR BLK AVG,11/10/2024,Micrograms/cubic meter (25 C),32,30,North East Waste (NEW),"3000 LEWIS ST. (NEAR BATH ST.) Philadelphia, PA. 19137"
0048,39.991389,-75.080833,24-HR BLK AVG,11/11/2024,Micrograms/cubic meter (25 C),12,11,North East Waste (NEW),"3000 LEWIS ST. (NEAR BATH ST.) Philadelphia, PA. 19137"
0048,39.991389,-75.080833,24-HR BLK AVG,11/12/2024,Micrograms/cubic meter (25 C),13,12,North East Waste (NEW),"3000 LEWIS ST. (NEAR BATH ST.) Philadelphia, PA. 19137"
0048,39.991389,-75.080833,24-HR BLK AVG,11/13/2024,Micrograms/cubic meter (25 C),15,14,North East Waste (NEW),"3000 LEWIS ST. (NEAR BATH ST.) Philadelphia, PA. 19137"
0048,39.991389,-75.080833,24-HR BLK AVG,11/14/2024,Micrograms/cubic meter (25 C),17,16,North East Waste (NEW),"3000 LEWIS ST. (NEAR BATH ST.) Philadelphia, PA. 19137"
0048,39.991389,-75.080833,24-HR BLK AVG,11/15/2024,Micrograms/cubic meter (25 C),16,15,North East Waste (NEW),"3000 LEWIS ST. (NEAR BATH ST.) Philadelphia, PA. 19137"
0048,39.991389,-75.080833,24-HR BLK AVG,11/16/2024,Micrograms/cubic meter (25 C),17,16,North East Waste (NEW),"3000 LEWIS ST. (NEAR BATH ST.) Philadelphia, PA. 19137"
0048,39.991389,-75.080833,24-HR BLK AVG,11/17/2024,Micrograms/cubic meter (25 C),12,11,North East Waste (NEW),"3000 LEWIS ST. (NEAR BATH ST.) Philadelphia, PA. 19137"
0048,39.991389,-75.080833,24-HR BLK AVG,11/18/2024,Micrograms/cubic meter (25 C),26,24,North East Waste (NEW),"3000 LEWIS ST. (NEAR BATH ST.) Philadelphia, PA. 19137"
0048,39.991389,-75.080833,24-HR BLK AVG,11/19/2024,Micrograms/cubic meter (25 C),20,19,North East Waste (NEW),"3000 LEWIS ST. (NEAR BATH ST.) Philadelphia, PA. 19137"
0048,39.991389,-75.080833,24-HR BLK AVG,11/20/2024,Micrograms/cubic meter (25 C),19,18,North East Waste (NEW),"3000 LEWIS ST. (NEAR BATH ST.) Philadelphia, PA. 19137"
0048,39.991389,-75.080833,24-HR BLK AVG,11/21/2024,Micrograms/cubic meter (25 C),6,6,North East Waste (NEW),"3000 LEWIS ST. (NEAR BATH ST.) Philadelphia, PA. 19137"
0048,39.991389,-75.080833,24-HR BLK AVG,11/22/2024,Micrograms/cubic meter (25 C),7,6,North East Waste (NEW),"3000 LEWIS ST. (NEAR BATH ST.) Philadelphia, PA. 19137"
0048,39.991389,-75.080833,24-HR BLK AVG,11/23/2024,Micrograms/cubic meter (25 C),7,6,North East Waste (NEW),"3000 LEWIS ST. (NEAR BATH ST.) Philadelphia, PA. 19137"
0048,39.991389,-75.080833,24-HR BLK AVG,11/24/2024,Micrograms/cubic meter (25 C),7,6,North East Waste (NEW),"3000 LEWIS ST. (NEAR BATH ST.) Philadelphia, PA. 19137"
0048,39.991389,-75.080833,24-HR BLK AVG,11/25/2024,Micrograms/cubic meter (25 C),17,16,North East Waste (NEW),"3000 LEWIS ST. (NEAR BATH ST.) Philadelphia, PA. 19137"
0048,39.991389,-75.080833,24-HR BLK AVG,11/26/2024,Micrograms/cubic meter (25 C),14,13,North East Waste (NEW),"3000 LEWIS ST. (NEAR BATH ST.) Philadelphia, PA. 19137"
0048,39.991389,-75.080833,24-HR BLK AVG,11/27/2024,Micrograms/cubic meter (25 C),15,14,North East Waste (NEW),"3000 LEWIS ST. (NEAR BATH ST.) Philadelphia, PA. 19137"
0048,39.991389,-75.080833,24-HR BLK AVG,11/28/2024,Micrograms/cubic meter (25 C),8,7,North East Waste (NEW),"3000 LEWIS ST. (NEAR BATH ST.) Philadelphia, PA. 19137"
0048,39.991389,-75.080833,24-HR BLK AVG,11/29/2024,Micrograms/cubic meter (25 C),8,7,North East Waste (NEW),"3000 LEWIS ST. (NEAR BATH ST.) Philadelphia, PA. 19137"
0048,39.991389,-75.080833,24-HR BLK AVG,11/30/2024,Micrograms/cubic meter (25 C),11,10,North East Waste (NEW),"3000 LEWIS ST. (NEAR BATH ST.) Philadelphia, PA. 19137"
0048,39.991389,-75.080833,24-HR BLK AVG,12/1/2024,Micrograms/cubic meter (25 C),15,14,North East Waste (NEW),"3000 LEWIS ST. (NEAR BATH ST.) Philadelphia, PA. 19137"
0048,39.991389,-75.080833,24-HR BLK AVG,12/2/2024,Micrograms/cubic meter (25 C),18,17,North East Waste (NEW),"3000 LEWIS ST. (NEAR BATH ST.) Philadelphia, PA. 19137"
0048,39.991389,-75.080833,24-HR BLK AVG,12/3/2024,Micrograms/cubic meter (25 C),18,17,North East Waste (NEW),"3000 LEWIS ST. (NEAR BATH ST.) Philadelphia, PA. 19137"
0048,39.991389,-75.080833,24-HR BLK AVG,12/4/2024,Micrograms/cubic meter (25 C),18,17,North East Waste (NEW),"3000 LEWIS ST. (NEAR BATH ST.) Philadelphia, PA. 19137"
0048,39.991389,-75.080833,24-HR BLK AVG,12/5/2024,Micrograms/cubic meter (25 C),15,14,North East Waste (NEW),"3000 LEWIS ST. (NEAR BATH ST.) Philadelphia, PA. 19137"
0048,39.991389,-75.080833,24-HR BLK AVG,12/6/2024,Micrograms/cubic meter (25 C),12,11,North East Waste (NEW),"3000 LEWIS ST. (NEAR BATH ST.) Philadelphia, PA. 19137"
0048,39.991389,-75.080833,24-HR BLK AVG,12/7/2024,Micrograms/cubic meter (25 C),14,13,North East Waste (NEW),"3000 LEWIS ST. (NEAR BATH ST.) Philadelphia, PA. 19137"
0048,39.991389,-75.080833,24-HR BLK AVG,12/8/2024,Micrograms/cubic meter (25 C),18,17,North East Waste (NEW),"3000 LEWIS ST. (NEAR BATH ST.) Philadelphia, PA. 19137"
0048,39.991389,-75.080833,24-HR BLK AVG,12/9/2024,Micrograms/cubic meter (25 C),38,35,North East Waste (NEW),"3000 LEWIS ST. (NEAR BATH ST.) Philadelphia, PA. 19137"
0048,39.991389,-75.080833,24-HR BLK AVG,12/10/2024,Micrograms/cubic meter (25 C),31,29,North East Waste (NEW),"3000 LEWIS ST. (NEAR BATH ST.) Philadelphia, PA. 19137"
0048,39.991389,-75.080833,24-HR BLK AVG,12/11/2024,Micrograms/cubic meter (25 C),8,7,North East Waste (NEW),"3000 LEWIS ST. (NEAR BATH ST.) Philadelphia, PA. 19137"
0048,39.991389,-75.080833,24-HR BLK AVG,12/12/2024,Micrograms/cubic meter (25 C),11,10,North East Waste (NEW),"3000 LEWIS ST. (NEAR BATH ST.) Philadelphia, PA. 19137"
0048,39.991389,-75.080833,24-HR BLK AVG,12/13/2024,Micrograms/cubic meter (25 C),16,15,North East Waste (NEW),"3000 LEWIS ST. (NEAR BATH ST.) Philadelphia, PA. 19137"
0048,39.991389,-75.080833,24-HR BLK AVG,12/14/2024,Micrograms/cubic meter (25 C),13,12,North East Waste (NEW),"3000 LEWIS ST. (NEAR BATH ST.) Philadelphia, PA. 19137"
0048,39.991389,-75.080833,24-HR BLK AVG,12/15/2024,Micrograms/cubic meter (25 C),16,15,North East Waste (NEW),"3000 LEWIS ST. (NEAR BATH ST.) Philadelphia, PA. 19137"
0048,39.991389,-75.080833,24-HR BLK AVG,12/16/2024,Micrograms/cubic meter (25 C),10,9,North East Waste (NEW),"3000 LEWIS ST. (NEAR BATH ST.) Philadelphia, PA. 19137"
0048,39.991389,-75.080833,24-HR BLK AVG,12/17/2024,Micrograms/cubic meter (25 C),17,16,North East Waste (NEW),"3000 LEWIS ST. (NEAR BATH ST.) Philadelphia, PA. 19137"
0048,39.991389,-75.080833,24-HR BLK AVG,12/18/2024,Micrograms/cubic meter (25 C),17,16,North East Waste (NEW),"3000 LEWIS ST. (NEAR BATH ST.) Philadelphia, PA. 19137"
0048,39.991389,-75.080833,24-HR BLK AVG,12/19/2024,Micrograms/cubic meter (25 C),9,8,North East Waste (NEW),"3000 LEWIS ST. (NEAR BATH ST.) Philadelphia, PA. 19137"
0048,39.991389,-75.080833,24-HR BLK AVG,12/20/2024,Micrograms/cubic meter (25 C),12,11,North East Waste (NEW),"3000 LEWIS ST. (NEAR BATH ST.) Philadelphia, PA. 19137"
0048,39.991389,-75.080833,24-HR BLK AVG,12/21/2024,Micrograms/cubic meter (25 C),9,8,North East Waste (NEW),"3000 LEWIS ST. (NEAR BATH ST.) Philadelphia, PA. 19137"
0048,39.991389,-75.080833,24-HR BLK AVG,12/22/2024,Micrograms/cubic meter (25 C),8,7,North East Waste (NEW),"3000 LEWIS ST. (NEAR BATH ST.) Philadelphia, PA. 19137"
0048,39.991389,-75.080833,24-HR BLK AVG,12/23/2024,Micrograms/cubic meter (25 C),15,14,North East Waste (NEW),"3000 LEWIS ST. (NEAR BATH ST.) Philadelphia, PA. 19137"
0048,39.991389,-75.080833,24-HR BLK AVG,12/24/2024,Micrograms/cubic meter (25 C),25,23,North East Waste (NEW),"3000 LEWIS ST. (NEAR BATH ST.) Philadelphia, PA. 19137"
0048,39.991389,-75.080833,24-HR BLK AVG,12/25/2024,Micrograms/cubic meter (25 C),22,20,North East Waste (NEW),"3000 LEWIS ST. (NEAR BATH ST.) Philadelphia, PA. 19137"
0048,39.991389,-75.080833,24-HR BLK AVG,12/26/2024,Micrograms/cubic meter (25 C),21,19,North East Waste (NEW),"3000 LEWIS ST. (NEAR BATH ST.) Philadelphia, PA. 19137"
0048,39.991389,-75.080833,24-HR BLK AVG,12/27/2024,Micrograms/cubic meter (25 C),37,34,North East Waste (NEW),"3000 LEWIS ST. (NEAR BATH ST.) Philadelphia, PA. 19137"
0048,39.991389,-75.080833,24-HR BLK AVG,12/28/2024,Micrograms/cubic meter (25 C),16,15,North East Waste (NEW),"3000 LEWIS ST. (NEAR BATH ST.) Philadelphia, PA. 19137"
0048,39.991389,-75.080833,24-HR BLK AVG,12/29/2024,Micrograms/cubic meter (25 C),10,9,North East Waste (NEW),"3000 LEWIS ST. (NEAR BATH ST.) Philadelphia, PA. 19137"
0048,39.991389,-75.080833,24-HR BLK AVG,12/30/2024,Micrograms/cubic meter (25 C),8,7,North East Waste (NEW),"3000 LEWIS ST. (NEAR BATH ST.) Philadelphia, PA. 19137"
0048,39.991389,-75.080833,24-HR BLK AVG,12/31/2024,Micrograms/cubic meter (25 C),14,13,North East Waste (NEW),"3000 LEWIS ST. (NEAR BATH ST.) Philadelphia, PA. 19137"
